<?xml version="1.0" encoding="utf-8"?><wsdl:definitions targetNamespace="http://www.agiv.be" xmlns:wsdl="http://schemas.xmlsoap.org/wsdl/" xmlns:wsx="http://schemas.xmlsoap.org/ws/2004/09/mex" xmlns:wsa10="http://www.w3.org/2005/08/addressing" xmlns:tns="http://www.agiv.be" xmlns:soap12="http://schemas.xmlsoap.org/wsdl/soap12/" xmlns:wsu="http://docs.oasis-open.org/wss/2004/01/oasis-200401-wss-wssecurity-utility-1.0.xsd" xmlns:wsp="http://schemas.xmlsoap.org/ws/2004/09/policy" xmlns:wsap="http://schemas.xmlsoap.org/ws/2004/08/addressing/policy" xmlns:msc="http://schemas.microsoft.com/ws/2005/12/wsdl/contract" xmlns:wsa="http://schemas.xmlsoap.org/ws/2004/08/addressing" xmlns:wsam="http://www.w3.org/2007/05/addressing/metadata" xmlns:wsaw="http://www.w3.org/2006/05/addressing/wsdl" xmlns:soap="http://schemas.xmlsoap.org/wsdl/soap/" xmlns:xsd="http://www.w3.org/2001/XMLSchema" xmlns:soapenc="http://schemas.xmlsoap.org/soap/encoding/"><wsdl:types><xsd:schema targetNamespace="http://www.agiv.be/Imports"><xsd:import schemaLocation="https://beta.auth.vlaanderen.be/ClaimsAwareService/Service.svc?xsd=xsd0" namespace="http://www.agiv.be"/><xsd:import schemaLocation="https://beta.auth.vlaanderen.be/ClaimsAwareService/Service.svc?xsd=xsd1" namespace="http://schemas.microsoft.com/2003/10/Serialization/"/></xsd:schema></wsdl:types><wsdl:message name="IService_GetData_InputMessage"><wsdl:part name="parameters" element="tns:GetData"/></wsdl:message><wsdl:message name="IService_GetData_OutputMessage"><wsdl:part name="parameters" element="tns:GetDataResponse"/></wsdl:message><wsdl:portType msc:usingSession="false" name="IService"><wsdl:operation name="GetData"><wsdl:input wsaw:Action="http://www.agiv.be/IService/GetData" message="tns:IService_GetData_InputMessage"/><wsdl:output wsaw:Action="http://www.agiv.be/IService/GetDataResponse" message="tns:IService_GetData_OutputMessage"/></wsdl:operation></wsdl:portType></wsdl:definitions>